chr	start	chr_2	end	SVLEN	category	SVTYPE	orientation	ins_seq	depth	supp_reads	cell_line	clone	sample	region_start	region_end	id
chr13	50472233	chr13	50554616	82368	Inversion	INVt2t	--c	TAACTTCGTATAATGTACATTATACGAAGTTCTGCTCTTCAT	74	1	HAP1	C516R	C516R_d13c	chr13:50472248	chr13:50554616	1
chr15	73511032	chr15	73534606	23574	Deletion	DEL	+-c	ATAACTTCGTATAATGTACATTATGAATTTTATA	140	1	HAP1	C516R	C516R_d13c	chr15:73511032	chr15:73534606	2
chr8	34543794	chr8	36487228	1943454	Deletion	DEL	+-c	AGAGGTACAATAACTTCGTATAATGTACATTATACGAAGTTA	82	1	HAP1	C516R	C516R_d13c	chr8:34543774	chr8:36487228	3
chr2	185844300	chr2	185976314	132014	Inversion	INVh2h	++c	CACCAGTTCCTCCTATAACTTCGTATAATGTACATTATACGAAGTTAT	69	2	HAP1	C516R	C516R_d13c	chr2:185844300	chr2:185976314	4
chr9	32052477	chr9	32227650	175173	Inversion	INVh2h	++c	ATAACTTCGTATAATGTAC	74	1	HAP1	C516R	C516R_d13c	chr9:32052477	chr9:32227650	5
chr9	95701016	chr9	100799087	5098071	Inversion	INVt2t	--c	GTACATTATACGAAGTTAT	71	1	HAP1	C516R	C516R_d13c	chr9:95701016	chr9:100799087	6
chr10	115755756	chr10	115755756	0	Fold back	FBh2h	++l	CTATAACTTCGTATAATGTACATTATACAAAGTGTATAG	34	1	HAP1	C516R	C516R_d13c	chr10:115755756	chr10:115755756	7
chr9	95701016	chr9	100799087	5098071	Inversion	INVt2t	--c	GTACATTATACGAAGTTAT	71	1	HAP1	C516R	C516R_d13c	chr9:95701016	chr9:100799087	8
chrX	86558528	chrX	130520815	43962287	Circle	CIRC	-+c	TAACTTCGTATAATGTACATTATACGAAGTTA	82	2	HAP1	C516R	C516R_d13c	chrX:86558528	chrX:130520815	9
chr11	63340739	chr11	63346998	6276	Inversion	INVh2h	++c	ATAACTTCGTATAATGTAC	75	1	HAP1	C516R	C516R_d13c	chr11:63340739	chr11:63347015	10
chr10	59424610	chr10	59424610	0	Fold back	FBt2t	--l	TAACTTCGTATAATGTACATTATACGAAGTTA	43	1	HAP1	C516R	C516R_d13c	chr10:59424610	chr10:59424610	11
chr4	137915588	chr4	137915588	0	Fold back	FBt2t	--l	TAATTTTGTATAATGTACATTATACGAAGTTA	26	1	HAP1	C516R	C516R_d13c	chr4:137915588	chr4:137915588	12
chr21	5250935	chr21	5294981	44046	Inversion	INVt2t	--c	TAACTTCGTATAATGTACATTATACGAAGTTA	415	2	HAP1	C516R	C516R_d13c	chr21:5250935	chr21:5294981	13
chr7	136111449	chr7	141982674	5871225	Inversion	INVh2h	++c	CTATAACTTCGTATAATGTACATTATACGAAGTTAT	62	1	HAP1	C516R	C516R_d13c	chr7:136111449	chr7:141982674	14
chrX	25773374	chrX	26491311	717937	Inversion	INVh2h	++c	TAACTTCGTATAATGTACATTATACGAAGTTA	81	1	HAP1	C516R	C516R_d13c	chrX:25773374	chrX:26491311	15
chrX	23456317	chrX	55808641	32352324	Inversion	INVt2t	--c	TAACTTCGTATAATGTACATTATACGAAGTTA	76	1	HAP1	C516R	C516R_d13c	chrX:23456317	chrX:55808641	16
chr4	21267938	chr4	23618212	2350257	Deletion	DEL	+-c	ATAACTTTGTATAATGTAC	79	1	HAP1	C516R	C516R_d13c	chr4:21267938	chr4:23618195	17
chr4	106900927	chr4	107675608	774681	Inversion	INVh2h	++c	TAACTTCGTATAATGTACATTATACGAAGTTA	111	1	HAP1	C516R	C516R_d13c	chr4:106900927	chr4:107675608	18
chr2	173529881	chr2	174271872	741991	Deletion	DEL	+-c	ATAACTTCGTATAATGTACATTATACGAAGTTTAT	92	1	HAP1	C516R	C516R_d13c	chr2:173529881	chr2:174271872	19
chr6	93035581	chr6	93634177	598596	Deletion	DEL	+-c	TAACTTCGTATAATGTACATTATACGAAGTTA	67	2	HAP1	C516R	C516R_d13c	chr6:93035581	chr6:93634177	20
chr1	80396937	chr1	80396937	18	Fold back	FBh2h	++l	ATAACTTCGTATAATGTAC	29	2	HAP1	C516R	C516R_d13c	chr1:80396936	chr1:80396954	21
